cluster,past_disorder,diagnosed_flag,productivity_impact,family_history,knows_benefits,prev_employer_support,comfort_supervisor,fear_consequences,leave_easiness,support_index,stigma_index,target_seriousness
0,0.13333333333333333,0.028205128205128206,1.0,0.2153846153846154,0.3423076923076923,0.23333333333333334,0.5692307692307692,0.31153846153846154,3.8076923076923075,0.42435897435897435,0.5128205128205128,0.5923076923076923
1,0.9332247557003257,0.7247557003257329,0.998371335504886,0.7223127035830619,0.4771986970684039,0.08794788273615635,0.3265472312703583,0.6506514657980456,2.9218241042345277,0.37357491856677527,0.7744299674267101,0.3306188925081433
2,0.9310344827586207,0.7011494252873564,1.0,0.7241379310344828,0.6494252873563219,0.125,0.860632183908046,0.1336206896551724,4.077586206896552,0.6088362068965517,0.3635057471264368,0.7629310344827587
3,0.4074074074074074,0.19753086419753085,0.2222222222222222,0.345679012345679,0.5,0.24691358024691357,0.5,0.5,4.0,0.375,0.6080246913580247,0.5
